INSERT INTO TB_DM_INGREDIENTE (CD_INGREDIENTE, NM_INGREDIENTE, VR_INGREDIENTE) VALUES (1, 'HAMBURGUER DE CARNE', 3.00);
INSERT INTO TB_DM_INGREDIENTE (CD_INGREDIENTE, NM_INGREDIENTE, VR_INGREDIENTE) VALUES (2, 'ALFACE', 0.40);
INSERT INTO TB_DM_INGREDIENTE (CD_INGREDIENTE, NM_INGREDIENTE, VR_INGREDIENTE) VALUES (3, 'BACON', 2.00);
INSERT INTO TB_DM_INGREDIENTE (CD_INGREDIENTE, NM_INGREDIENTE, VR_INGREDIENTE) VALUES (4, 'OVO', 0.80);
INSERT INTO TB_DM_INGREDIENTE (CD_INGREDIENTE, NM_INGREDIENTE, VR_INGREDIENTE) VALUES (5, 'QUEIJO', 1.50);


INSERT INTO TB_DM_SANDUICHE (CD_SANDUICHE, NM_SANDUICHE, DS_SANDUICHE) VALUES (1, 'X-BACON', 'Hambúrguer de carne, queijo e bacon.');
INSERT INTO TB_DM_SANDUICHE (CD_SANDUICHE, NM_SANDUICHE, DS_SANDUICHE) VALUES (2, 'X-BURGER', 'Hambúrguer de carne e queijo.');
INSERT INTO TB_DM_SANDUICHE (CD_SANDUICHE, NM_SANDUICHE, DS_SANDUICHE) VALUES (3, 'X-EGG', 'Hambúrguer de carne, queijo e ovo.');
INSERT INTO TB_DM_SANDUICHE (CD_SANDUICHE, NM_SANDUICHE, DS_SANDUICHE) VALUES (4, 'X-EGG BACON', 'Hambúrguer de carne, queijo, bacon e ovo.');

-- MENU DE SANDUICHES
INSERT INTO TB_SANDUICHE_INGREDIENTE(CD_SANDUICHE, CD_INGREDIENTE) VALUES (1, 1);
INSERT INTO TB_SANDUICHE_INGREDIENTE(CD_SANDUICHE, CD_INGREDIENTE) VALUES (1, 3);
INSERT INTO TB_SANDUICHE_INGREDIENTE(CD_SANDUICHE, CD_INGREDIENTE) VALUES (1, 5);
INSERT INTO TB_SANDUICHE_INGREDIENTE(CD_SANDUICHE, CD_INGREDIENTE) VALUES (2, 1);
INSERT INTO TB_SANDUICHE_INGREDIENTE(CD_SANDUICHE, CD_INGREDIENTE) VALUES (2, 5);
INSERT INTO TB_SANDUICHE_INGREDIENTE(CD_SANDUICHE, CD_INGREDIENTE) VALUES (3, 1);
INSERT INTO TB_SANDUICHE_INGREDIENTE(CD_SANDUICHE, CD_INGREDIENTE) VALUES (3, 4);
INSERT INTO TB_SANDUICHE_INGREDIENTE(CD_SANDUICHE, CD_INGREDIENTE) VALUES (3, 5);
INSERT INTO TB_SANDUICHE_INGREDIENTE(CD_SANDUICHE, CD_INGREDIENTE) VALUES (4, 1);
INSERT INTO TB_SANDUICHE_INGREDIENTE(CD_SANDUICHE, CD_INGREDIENTE) VALUES (4, 3);
INSERT INTO TB_SANDUICHE_INGREDIENTE(CD_SANDUICHE, CD_INGREDIENTE) VALUES (4, 4);
INSERT INTO TB_SANDUICHE_INGREDIENTE(CD_SANDUICHE, CD_INGREDIENTE) VALUES (4, 5);

COMMIT;
